name,nid,icons,productUrl,image,originalPrice,originalPriceShow,price,promotionId,priceShow,discount,ratingScore,review,tItemType,location,cheapest_sku,sku,skus,description,brandId,brandName,sellerId,mainSellerId,sellerName,thumbs,restrictedAge,categories,clickTrace,addToCartSkus,itemId,skuId,inStock,isAD,addToCart,adClickTrace,utLogMap.x_object_type,utLogMap.originalPrice,utLogMap.x_item_ids,utLogMap.scene_pre,utLogMap.discount,utLogMap.isFreeShipping,utLogMap.x_sku_ids,utLogMap.SN,utLogMap.current_price,utLogMap.x_ad,utLogMap.x_eagleeye,utLogMap.x_object_id,freeShipping,installment,utLogMap.voucherIds
1 Pair Anylady Fashion- New Sexy Excellent Quality Black Over Knee Tight High Stocking/Socks For Women,128177543,"[{'domClass': 'NPDashianDhamaka', 'text': '', 'alias': 'NPDashianDhamaka', 'type': 'img', 'group': '1', 'showType': '0', 'order': 0, 'font-size': 0, 'coins': False}]",//www.daraz.com.np/products/1-pair-anylady-fashion-new-sexy-excellent-quality-black-over-knee-tight-high-stockingsocks-for-women-i128177543-s1035281377.html?search=1,https://static-01.daraz.com.np/p/7566cda4d4dd375edd50ce809c1dc545.jpg,199.00,Rs. 199,125.00,null,Rs. 125,-37%,4,1,nt_product,Nepal,128177543_NP-1035281377,128177543_NP,[],"['1 Pair', 'Skin Frrindly Material', 'Anti- Slip Design', 'Comfort &amp; Adjustable', 'Equally Use For Women Also', 'High Class Materaial', 'Material: Cotton/nylon', 'Suitable for both summer &amp; winter']",39704,No Brand,900153501912,,Anylady & Dodo Girl Store,[],0,"[1819, 1820, 1738, 1756]",query:;nid:128177543;src:LazadaMainSrp;rn:74ac9c3e2c48e5855d333f4619112185;region:np;sku:128177543_NP;price:125.00;client:desktop;supplier_id:900153501912;asc_category_id:1756;item_id:128177543;sku_id:1035281377;shop_id:63437,"[{'sku': '128177543_NP-1035281377', 'skuId': '1035281377', 'count': 0}]",128177543,1035281377,True,0,False,query:;nid:128177543;src:LazadaMainSrp;rn:74ac9c3e2c48e5855d333f4619112185;region:np;sku:128177543_NP;price:125.00;client:desktop;supplier_id:900153501912;asc_category_id:1756;item_id:128177543;sku_id:1035281377;shop_id:63437,item,199.00,128177543,search,37,false,1035281377,74ac9c3e2c48e5855d333f4619112185,125.00,1,214112f116994318453681542e050b,128177543,,,
Bisesh Creation Glittering Cotton Lycra Pants For Women,127946939,"[{'domClass': 'lazMall', 'text': 'LazMall', 'alias': 'LazMallAlias', 'type': 'img', 'group': '1', 'showType': '0', 'order': 0, 'font-size': 0, 'coins': False}, {'domClass': 'NPDashianDhamaka', 'text': '', 'alias': 'NPDashianDhamaka', 'type': 'img', 'group': '1', 'showType': '0', 'order': 0, 'font-size': 0, 'coins': False}, {'domClass': 'freeShipping', 'text': 'FreeShipping', 'alias': 'FsAlias', 'type': 'img', 'group': '2', 'showType': '0', 'order': 0, 'font-size': 0, 'coins': False}]",//www.daraz.com.np/products/bisesh-creation-glittering-cotton-lycra-pants-for-women-i127946939-s1034974970.html?search=1,https://static-01.daraz.com.np/p/a9545f6d08bb05f1f51c7000b0f0d64d.jpg,2200.00,"Rs. 2,200",1295.00,null,"Rs. 1,295",-41%,,0,nt_product,Bagmati,127946939_NP-1034974970,127946939_NP,[],"['Care Instructions: Hand Wash and Machine Only', 'Fit Type: Straight', 'Ankle length loose fit pants with right side zipper pocket', 'Top grade, super smooth, Stretchable knitted fabric', 'Stylish side slits at bottom. Recommended for ladies between 5 feet and 5 feet 5 inches.; Top grade elastic waistband with tapered legs', 'Comfortable all day wear with excellent sweat absorption. To be paired with shirts, tops &amp; Kurtis.', 'Age Range Description: Adult; Style Rise Style: High']",185814,Bisesh Creation,7696,,Bisesh Creation,[],0,"[1819, 1820, 1738, 4428, 4442]",query:;nid:127946939;src:LazadaMainSrp;rn:74ac9c3e2c48e5855d333f4619112185;region:np;sku:127946939_NP;price:1295.00;client:desktop;supplier_id:7696;asc_category_id:4442;item_id:127946939;sku_id:1034974970;shop_id:8897,"[{'sku': '127946939_NP-1034974970', 'title': 'Int M', 'skuId': '1034974970', 'count': 0}, {'sku': '127946939_NP-1034974971', 'title': 'Int L', 'skuId': '1034974971', 'count': 0}, {'sku': '127946939_NP-1034974972', 'title': 'Int XL', 'skuId': '1034974972', 'count': 0}, {'sku': '127946939_NP-1034974973', 'title': 'Int XXL', 'skuId': '1034974973', 'count': 0}]",127946939,1034974970,True,0,False,query:;nid:127946939;src:LazadaMainSrp;rn:74ac9c3e2c48e5855d333f4619112185;region:np;sku:127946939_NP;price:1295.00;client:desktop;supplier_id:7696;asc_category_id:4442;item_id:127946939;sku_id:1034974970;shop_id:8897,item,2200.00,127946939,search,41,true,1034974970,74ac9c3e2c48e5855d333f4619112185,1295.00,1,214112f116994318453681542e050b,127946939,Free Shipping,,
Lyra White Ankle Length Leggings,126996408,"[{'domClass': 'NPDashianDhamaka', 'text': '', 'alias': 'NPDashianDhamaka', 'type': 'img', 'group': '1', 'showType': '0', 'order': 0, 'font-size': 0, 'coins': False}]",//www.daraz.com.np/products/lyra-white-ankle-length-leggings-i126996408-s1034729523.html?search=1,https://static-01.daraz.com.np/p/bd026a14cee8e76743b7ad6824313b0f.jpg,,,621.00,null,Rs. 621,,,0,nt_product,Nepal,126996408_NP-1034729523,126996408_NP,[],"['95% Premium Cotton, 5% Spandex', 'Side Pocket for added utility', 'Elasticated waistband', 'Colour Lock Technology makes the pant look like new even after repeated washing', 'Perfect Fit Design moulds any body shape perfectly', 'Ultra Soft Cotton made from superior staple cotton for extra softness', 'Bio-Wash']",39704,No Brand,900153747954,,Veerjara International Pvt Ltd,[],0,"[1819, 1820, 1738, 4428, 4442]",query:;nid:126996408;src:LazadaMainSrp;rn:74ac9c3e2c48e5855d333f4619112185;region:np;sku:126996408_NP;price:621.00;client:desktop;supplier_id:900153747954;asc_category_id:4442;item_id:126996408;sku_id:1034729523;shop_id:65253,"[{'sku': '126996408_NP-1034729523', 'title': 'free size', 'skuId': '1034729523', 'count': 0}]",126996408,1034729523,True,0,False,query:;nid:126996408;src:LazadaMainSrp;rn:74ac9c3e2c48e5855d333f4619112185;region:np;sku:126996408_NP;price:621.00;client:desktop;supplier_id:900153747954;asc_category_id:4442;item_id:126996408;sku_id:1034729523;shop_id:65253,item,621.00,126996408,search,0,false,1034729523,74ac9c3e2c48e5855d333f4619112185,621.00,1,214112f116994318453681542e050b,126996408,,,
Masala Beads Cute Cotton Socks Spring And Summer Thin Section Retro Ankle Socks For Women's - Fashion |,128287837,"[{'domClass': 'lazMall', 'text': 'LazMall', 'alias': 'LazMallAlias', 'type': 'img', 'group': '1', 'showType': '0', 'order': 0, 'font-size': 0, 'coins': False}, {'domClass': 'NPDashianDhamaka', 'text': '', 'alias': 'NPDashianDhamaka', 'type': 'img', 'group': '1', 'showType': '0', 'order': 0, 'font-size': 0, 'coins': False}, {'domClass': 'freeShipping', 'text': 'FreeShipping', 'alias': 'FsAlias', 'type': 'img', 'group': '2', 'showType': '0', 'order': 0, 'font-size': 0, 'coins': False}]",//www.daraz.com.np/products/masala-beads-cute-cotton-socks-spring-and-summer-thin-section-retro-ankle-socks-for-womens-fashion-i128287837-s1035548054.html?search=1,https://static-01.daraz.com.np/p/20163c0cf70dec41a57b5659287042a6.jpg,,,150.00,null,Rs. 150,,3,1,nt_product,Bagmati,128287837_NP-1035548054,128287837_NP,[],"['COMFORTABLE ', 'FOR SOCKS ', 'FASHION AND TRENDY', ""FOR WOMEN'S""]",186001,Masala Beads,8278,,Masala Beads,[],0,"[1819, 1820, 1738, 1756]",query:;nid:128287837;src:LazadaMainSrp;rn:74ac9c3e2c48e5855d333f4619112185;region:np;sku:128287837_NP;price:150.00;client:desktop;supplier_id:8278;asc_category_id:1756;item_id:128287837;sku_id:1035548054;shop_id:8148,"[{'sku': '128287837_NP-1035548054', 'skuId': '1035548054', 'count': 0}]",128287837,1035548054,True,0,False,query:;nid:128287837;src:LazadaMainSrp;rn:74ac9c3e2c48e5855d333f4619112185;region:np;sku:128287837_NP;price:150.00;client:desktop;supplier_id:8278;asc_category_id:1756;item_id:128287837;sku_id:1035548054;shop_id:8148,item,150.00,128287837,search,0,true,1035548054,74ac9c3e2c48e5855d333f4619112185,150.00,1,214112f116994318453681542e050b,128287837,Free Shipping,,
Winter Thick Fleece Fur Lined Black Leggings For Women,121361628,"[{'domClass': 'NPDashianDhamaka', 'text': '', 'alias': 'NPDashianDhamaka', 'type': 'img', 'group': '1', 'showType': '0', 'order': 0, 'font-size': 0, 'coins': False}]",//www.daraz.com.np/products/winter-thick-fleece-fur-lined-black-leggings-for-women-i121361628-s1033042610.html?search=1,https://static-01.daraz.com.np/p/05bc83c4d7c882cce44ac60955272972.jpg,1200.00,"Rs. 1,200",749.00,null,Rs. 749,-38%,3,4,nt_product,Nepal,121361628_NP-1033042610,121361628_NP,[],"['Season : Winter', 'Material: 65% cotton+35% Polyester', 'Good elasticity', 'Extra warm with fur lined', 'Fit 145cm-168cm(weight 40-60kg) Ladies']",39704,No Brand,900151659039,,EOrison,[],0,"[1819, 1820, 1738, 4428, 4442]",query:;nid:121361628;src:LazadaMainSrp;rn:74ac9c3e2c48e5855d333f4619112185;region:np;sku:121361628_NP;price:749.00;client:desktop;supplier_id:900151659039;asc_category_id:4442;item_id:121361628;sku_id:1033042610;shop_id:30880,"[{'sku': '121361628_NP-1033042610', 'title': 'free size', 'skuId': '1033042610', 'count': 0}]",121361628,1033042610,True,0,False,query:;nid:121361628;src:LazadaMainSrp;rn:74ac9c3e2c48e5855d333f4619112185;region:np;sku:121361628_NP;price:749.00;client:desktop;supplier_id:900151659039;asc_category_id:4442;item_id:121361628;sku_id:1033042610;shop_id:30880,item,1200.00,121361628,search,38,false,1033042610,74ac9c3e2c48e5855d333f4619112185,749.00,1,214112f116994318453681542e050b,121361628,,,
Dark Blue Inside Fur Leggings For Women,121567506,"[{'domClass': 'freeShipping', 'text': 'FreeShipping', 'alias': 'FsAlias', 'type': 'img', 'group': '2', 'showType': '0', 'order': 0, 'font-size': 0, 'coins': False}]",//www.daraz.com.np/products/dark-blue-inside-fur-leggings-for-women-i121567506-s1033080360.html?search=1,https://static-01.daraz.com.np/p/91621abb805c9c864271a5b9a2b244c0.jpg,1599.00,"Rs. 1,599",1299.00,null,"Rs. 1,299",-19%,5,1,nt_product,Nepal,121567506_NP-1033080360,121567506_NP,[],"['Fit Type: Slim', 'ANTI HOOK SILK &amp; STRONG ELASTICITY - Elasticity is the soul of elastic and slimming tights, the use of elastic fibers in the stockings material, making leggings stretch and resilience than traditional pantyhose greatly strengthened, more durable.', 'WELL DESIGNED: This black leggings with elastic high waist design, able to be slim was thin, shape your curve. Full pants-type design, so that your legs look more slender. The crotch is designed according to the female body , you can take activities comfortable.', 'HOW TO MATCH: Winter warm leggings is easy to wear and take care, suitable for fall and winter season.']",39704,No Brand,900153420023,,galaxy online shop,[],0,"[1819, 1820, 1738, 4428, 4442]",query:;nid:121567506;src:LazadaMainSrp;rn:74ac9c3e2c48e5855d333f4619112185;region:np;sku:121567506_NP;price:1299.00;client:desktop;supplier_id:900153420023;asc_category_id:4442;item_id:121567506;sku_id:1033080360;shop_id:62116,"[{'sku': '121567506_NP-1033080362', 'title': 'L', 'skuId': '1033080362', 'count': 0}, {'sku': '121567506_NP-1033080360', 'title': 'XL', 'skuId': '1033080360', 'count': 0}, {'sku': '121567506_NP-1033080361', 'title': 'XXL', 'skuId': '1033080361', 'count': 0}]",121567506,1033080360,True,0,False,query:;nid:121567506;src:LazadaMainSrp;rn:74ac9c3e2c48e5855d333f4619112185;region:np;sku:121567506_NP;price:1299.00;client:desktop;supplier_id:900153420023;asc_category_id:4442;item_id:121567506;sku_id:1033080360;shop_id:62116,item,1599.00,121567506,search,19,true,1033080360,74ac9c3e2c48e5855d333f4619112185,1299.00,1,214112f116994318453681542e050b,121567506,Free Shipping,,50000003393006
Women Velvet Fur Inside Winter Socks ( Pack Of  3 )- Multicolor,103306193,"[{'domClass': 'NPDashianDhamaka', 'text': '', 'alias': 'NPDashianDhamaka', 'type': 'img', 'group': '1', 'showType': '0', 'order': 0, 'font-size': 0, 'coins': False}, {'domClass': 'freeShipping', 'text': 'FreeShipping', 'alias': 'FsAlias', 'type': 'img', 'group': '2', 'showType': '0', 'order': 0, 'font-size': 0, 'coins': False}]",//www.daraz.com.np/products/women-velvet-fur-inside-winter-socks-pack-of-3-multicolor-i103306193-s1024042838.html?search=1,https://static-01.daraz.com.np/p/ee460b20fc6ad464393de263d7c1b7b3.jpg,,,290.00,null,Rs. 290,,4.5,46,nt_product,Nepal,103306193_NP-1024042838,103306193_NP,[],[],39704,No Brand,1005019,,360 Station,[],0,"[1819, 1820, 1738, 1756]",query:;nid:103306193;src:LazadaMainSrp;rn:74ac9c3e2c48e5855d333f4619112185;region:np;sku:103306193_NP;price:290.00;client:desktop;supplier_id:1005019;asc_category_id:1756;item_id:103306193;sku_id:1024042838;shop_id:15005,"[{'sku': '103306193_NP-1024042838', 'title': 'free size', 'skuId': '1024042838', 'count': 0}]",103306193,1024042838,True,0,False,query:;nid:103306193;src:LazadaMainSrp;rn:74ac9c3e2c48e5855d333f4619112185;region:np;sku:103306193_NP;price:290.00;client:desktop;supplier_id:1005019;asc_category_id:1756;item_id:103306193;sku_id:1024042838;shop_id:15005,item,290.00,103306193,search,0,true,1024042838,74ac9c3e2c48e5855d333f4619112185,290.00,1,214112f116994318453681542e050b,103306193,Free Shipping,,
Binay Embroidery Stretchable Black Leggings For Women - Fashion | Leggings For Women | Women's Wear |,116084117,"[{'domClass': 'NPDashianDhamaka', 'text': '', 'alias': 'NPDashianDhamaka', 'type': 'img', 'group': '1', 'showType': '0', 'order': 0, 'font-size': 0, 'coins': False}, {'domClass': 'freeShipping', 'text': 'FreeShipping', 'alias': 'FsAlias', 'type': 'img', 'group': '2', 'showType': '0', 'order': 0, 'font-size': 0, 'coins': False}]",//www.daraz.com.np/products/binay-embroidery-stretchable-black-leggings-for-women-fashion-leggings-for-women-womens-wear-i116084117-s1031748399.html?search=1,https://static-01.daraz.com.np/p/8134357969b2b74efbf4fa79f22a5085.jpg,450.00,Rs. 450,345,null,Rs. 345,-23%,4.1,12,nt_product,Nepal,116084117_NP-1031748399,116084117_NP,[],"['Fabric : Mixed Cotton', 'Closure : Elasticated', 'Perfect for walksWhat your loved one will look in these Jogger Pants . Wearing this pair of cotton fleecepants, it will be free to bring havoc owing to the endless comfort and breathability of the fabric. Solid Leggings For Women', 'Stylish and comfortable', 'Wash Care : Hand/Machine Wash']",39704,No Brand,1003665,,Binay embroidery,[],0,"[1819, 1820, 1738, 4428, 4442]",query:;nid:116084117;src:LazadaMainSrp;rn:74ac9c3e2c48e5855d333f4619112185;region:np;sku:116084117_NP;price:345;client:desktop;supplier_id:1003665;asc_category_id:4442;item_id:116084117;sku_id:1031748399;shop_id:13572,"[{'sku': '116084117_NP-1031748399', 'title': 'Int: One size', 'skuId': '1031748399', 'count': 0}]",116084117,1031748399,True,0,False,query:;nid:116084117;src:LazadaMainSrp;rn:74ac9c3e2c48e5855d333f4619112185;region:np;sku:116084117_NP;price:345;client:desktop;supplier_id:1003665;asc_category_id:4442;item_id:116084117;sku_id:1031748399;shop_id:13572,item,450.00,116084117,search,23,true,1031748399,74ac9c3e2c48e5855d333f4619112185,345,1,214112f116994318453681542e050b,116084117,Free Shipping,,
Thick Fleece Fur Lined Black Leggings For Women,121376613,"[{'domClass': 'NPDashianDhamaka', 'text': '', 'alias': 'NPDashianDhamaka', 'type': 'img', 'group': '1', 'showType': '0', 'order': 0, 'font-size': 0, 'coins': False}]",//www.daraz.com.np/products/thick-fleece-fur-lined-black-leggings-for-women-i121376613-s1033046255.html?search=1,https://static-01.daraz.com.np/p/584038668077ce871ad20674be7082f7.jpg,1199.00,"Rs. 1,199",749.00,null,Rs. 749,-38%,,0,nt_product,Nepal,121376613_NP-1033046255,121376613_NP,[],[],39704,No Brand,900152820060,,Jenisha Stores,[],0,"[1819, 1820, 1738, 4428, 4442]",query:;nid:121376613;src:LazadaMainSrp;rn:74ac9c3e2c48e5855d333f4619112185;region:np;sku:121376613_NP;price:749.00;client:desktop;supplier_id:900152820060;asc_category_id:4442;item_id:121376613;sku_id:1033046255;shop_id:54433,"[{'sku': '121376613_NP-1033046255', 'title': 'free size', 'skuId': '1033046255', 'count': 0}]",121376613,1033046255,True,0,False,query:;nid:121376613;src:LazadaMainSrp;rn:74ac9c3e2c48e5855d333f4619112185;region:np;sku:121376613_NP;price:749.00;client:desktop;supplier_id:900152820060;asc_category_id:4442;item_id:121376613;sku_id:1033046255;shop_id:54433,item,1199.00,121376613,search,38,false,1033046255,74ac9c3e2c48e5855d333f4619112185,749.00,1,214112f116994318453681542e050b,121376613,,,
LOGO Soft Jeans Pant For Women,127990249,"[{'domClass': 'lazMall', 'text': 'LazMall', 'alias': 'LazMallAlias', 'type': 'img', 'group': '1', 'showType': '0', 'order': 0, 'font-size': 0, 'coins': False}, {'domClass': 'NPDashianDhamaka', 'text': '', 'alias': 'NPDashianDhamaka', 'type': 'img', 'group': '1', 'showType': '0', 'order': 0, 'font-size': 0, 'coins': False}, {'domClass': 'freeShipping', 'text': 'FreeShipping', 'alias': 'FsAlias', 'type': 'img', 'group': '2', 'showType': '0', 'order': 0, 'font-size': 0, 'coins': False}]",//www.daraz.com.np/products/logo-soft-jeans-pant-for-women-i127990249-s1035089056.html?search=1,https://static-01.daraz.com.np/p/bf555af47c678ad9bc00bc793ca2acb8.jpg,,,700.00,null,Rs. 700,,,0,nt_product,Nepal,127990249_NP-1035089056,127990249_NP,[],"['Soft jeans fabric ', 'Casual and comfortable ', 'Wash as per the instruction on care label']",55775,LOGO,900152982023,,LOGO,[],0,"[1819, 1820, 1738, 4428, 4434]",query:;nid:127990249;src:LazadaMainSrp;rn:74ac9c3e2c48e5855d333f4619112185;region:np;sku:127990249_NP;price:700.00;client:desktop;supplier_id:900152982023;asc_category_id:4434;item_id:127990249;sku_id:1035089056;shop_id:56447,"[{'sku': '127990249_NP-1035030315', 'title': 'Waist:29', 'skuId': '1035030315', 'count': 0}, {'sku': '127990249_NP-1035089056', 'title': 'Waist:31', 'skuId': '1035089056', 'count': 0}]",127990249,1035089056,True,0,False,query:;nid:127990249;src:LazadaMainSrp;rn:74ac9c3e2c48e5855d333f4619112185;region:np;sku:127990249_NP;price:700.00;client:desktop;supplier_id:900152982023;asc_category_id:4434;item_id:127990249;sku_id:1035089056;shop_id:56447,item,700.00,127990249,search,0,true,1035089056,74ac9c3e2c48e5855d333f4619112185,700.00,1,214112f116994318453681542e050b,127990249,Free Shipping,,
Lining Palazzo Pant for Women,128020866,"[{'domClass': 'NPDashianDhamaka', 'text': '', 'alias': 'NPDashianDhamaka', 'type': 'img', 'group': '1', 'showType': '0', 'order': 0, 'font-size': 0, 'coins': False}, {'domClass': 'freeShipping', 'text': 'FreeShipping', 'alias': 'FsAlias', 'type': 'img', 'group': '2', 'showType': '0', 'order': 0, 'font-size': 0, 'coins': False}]",//www.daraz.com.np/products/lining-palazzo-pant-for-women-i128020866-s1035077403.html?search=1,https://static-01.daraz.com.np/p/20bf4e54f3a114362b3e79eca50c97aa.jpg,1899.00,"Rs. 1,899",1880,null,"Rs. 1,880",-1%,,0,nt_product,Nepal,128020866_NP-1035077403,128020866_NP,[],"[' Material : Cotton Mix', ' Size : Free Size', ' Colour : Available', ' Comfortable']",39704,No Brand,900154284800,,Hot Topic,[],0,"[1819, 1820, 1738, 4428, 4434]",query:;nid:128020866;src:LazadaMainSrp;rn:74ac9c3e2c48e5855d333f4619112185;region:np;sku:128020866_NP;price:1880;client:desktop;supplier_id:900154284800;asc_category_id:4434;item_id:128020866;sku_id:1035077403;shop_id:68000,"[{'sku': '128020866_NP-1035077403', 'title': 'free size', 'skuId': '1035077403', 'count': 0}]",128020866,1035077403,True,0,False,query:;nid:128020866;src:LazadaMainSrp;rn:74ac9c3e2c48e5855d333f4619112185;region:np;sku:128020866_NP;price:1880;client:desktop;supplier_id:900154284800;asc_category_id:4434;item_id:128020866;sku_id:1035077403;shop_id:68000,item,1899.00,128020866,search,1,true,1035077403,74ac9c3e2c48e5855d333f4619112185,1880,1,214112f116994318453681542e050b,128020866,Free Shipping,,
"Dungaree, Rocky Pant, Carpenter's Pant, Garage Pant For Women",122986938,[],//www.daraz.com.np/products/dungaree-rocky-pant-carpenters-pant-garage-pant-for-women-i122986938-s1033421862.html?search=1,https://np-live-21.slatic.net/kf/S4c924596aab9474f800137ede9f0108b2.jpg,,,2050.00,null,"Rs. 2,050",,5,1,nt_product,Nepal,122986938_NP-1033421862,122986938_NP,[],"['Dungaree for women, also known as rocky pant, garage pants', 'Button closure at hips', 'Has pockets at front, sides and back', 'Adjustable shoulder straps', 'Buckle for straps', 'Stretchable fabric']",39704,No Brand,900153603556,,Oak & Pine,[],0,"[1819, 1820, 1738, 4428, 4434]",query:;nid:122986938;src:LazadaMainSrp;rn:74ac9c3e2c48e5855d333f4619112185;region:np;sku:122986938_NP;price:2050.00;client:desktop;supplier_id:900153603556;asc_category_id:4434;item_id:122986938;sku_id:1033421862;shop_id:64271,"[{'sku': '122986938_NP-1033421862', 'title': 'Int XL', 'skuId': '1033421862', 'count': 0}]",122986938,1033421862,True,0,False,query:;nid:122986938;src:LazadaMainSrp;rn:74ac9c3e2c48e5855d333f4619112185;region:np;sku:122986938_NP;price:2050.00;client:desktop;supplier_id:900153603556;asc_category_id:4434;item_id:122986938;sku_id:1033421862;shop_id:64271,item,2050.00,122986938,search,0,false,1033421862,74ac9c3e2c48e5855d333f4619112185,2050.00,1,214112f116994318453681542e050b,122986938,,,50000001512009
LOGO Stovepipe Pant For Women,127964424,"[{'domClass': 'lazMall', 'text': 'LazMall', 'alias': 'LazMallAlias', 'type': 'img', 'group': '1', 'showType': '0', 'order': 0, 'font-size': 0, 'coins': False}, {'domClass': 'NPDashianDhamaka', 'text': '', 'alias': 'NPDashianDhamaka', 'type': 'img', 'group': '1', 'showType': '0', 'order': 0, 'font-size': 0, 'coins': False}, {'domClass': 'freeShipping', 'text': 'FreeShipping', 'alias': 'FsAlias', 'type': 'img', 'group': '2', 'showType': '0', 'order': 0, 'font-size': 0, 'coins': False}]",//www.daraz.com.np/products/logo-stovepipe-pant-for-women-i127964424-s1034996677.html?search=1,https://static-01.daraz.com.np/p/393826bd199232f63d1f7fb96109ba2d.jpg,,,2200.00,null,"Rs. 2,200",,4.8,6,nt_product,Nepal,127964424_NP-1034996677,127964424_NP,[],"['97% cotton 3% elastane', 'Lightweight and skin friendly fabric ', 'Very good for hot summer days', 'Wash as per the instruction on care label']",55775,LOGO,900152982023,,LOGO,[],0,"[1819, 1820, 1738, 4428, 4434]",query:;nid:127964424;src:LazadaMainSrp;rn:74ac9c3e2c48e5855d333f4619112185;region:np;sku:127964424_NP;price:2200.00;client:desktop;supplier_id:900152982023;asc_category_id:4434;item_id:127964424;sku_id:1034996677;shop_id:56447,"[{'sku': '127964424_NP-1034996677', 'title': 'Int:28', 'skuId': '1034996677', 'count': 0}, {'sku': '127964424_NP-1034996678', 'title': 'Int:30', 'skuId': '1034996678', 'count': 0}, {'sku': '127964424_NP-1034996679', 'title': 'Int:32', 'skuId': '1034996679', 'count': 0}, {'sku': '127964424_NP-1034996681', 'title': 'Int:36', 'skuId': '1034996681', 'count': 0}]",127964424,1034996677,True,0,False,query:;nid:127964424;src:LazadaMainSrp;rn:74ac9c3e2c48e5855d333f4619112185;region:np;sku:127964424_NP;price:2200.00;client:desktop;supplier_id:900152982023;asc_category_id:4434;item_id:127964424;sku_id:1034996677;shop_id:56447,item,2200.00,127964424,search,0,true,1034996677,74ac9c3e2c48e5855d333f4619112185,2200.00,1,214112f116994318453681542e050b,127964424,Free Shipping,,
Nepster Khaki High Rise Stretchable Fancy Cotton Belly Pants For Women,128123798,"[{'domClass': 'lazMall', 'text': 'LazMall', 'alias': 'LazMallAlias', 'type': 'img', 'group': '1', 'showType': '0', 'order': 0, 'font-size': 0, 'coins': False}, {'domClass': 'NPDashianDhamaka', 'text': '', 'alias': 'NPDashianDhamaka', 'type': 'img', 'group': '1', 'showType': '0', 'order': 0, 'font-size': 0, 'coins': False}]",//www.daraz.com.np/products/nepster-khaki-high-rise-stretchable-fancy-cotton-belly-pants-for-women-i128123798-s1035218378.html?search=1,https://static-01.daraz.com.np/p/38d47c2386f8f8414ea5d793e98ece5a.jpg,1800.00,"Rs. 1,800",1274,null,"Rs. 1,274",-29%,,0,nt_product,Nepal,128123798_NP-1035218378,128123798_NP,[],"['High-Rise, Clean Look', 'Stretchable and Fancy Design', 'Cotton Belly Pants For Women', 'Has a button and zip closure', 'Available Sizes: 27, 28, 29, 30, 31 and 32.', 'Waistband with belt loops', '98% cotton, 2% elastane', 'Hand/Machine Wash', 'Length: 38/39 inches']",126528810,Nepster,900159987888,,NEPSTER,[],0,"[1819, 1820, 1738, 4428, 4434]",query:;nid:128123798;src:LazadaMainSrp;rn:74ac9c3e2c48e5855d333f4619112185;region:np;sku:128123798_NP;price:1274;client:desktop;supplier_id:900159987888;asc_category_id:4434;item_id:128123798;sku_id:1035218378;shop_id:102739,"[{'sku': '128123798_NP-1035218382', 'title': 'Waist:27', 'skuId': '1035218382', 'count': 0}, {'sku': '128123798_NP-1035218380', 'title': 'Waist:28', 'skuId': '1035218380', 'count': 0}, {'sku': '128123798_NP-1035218379', 'title': 'Waist:29', 'skuId': '1035218379', 'count': 0}, {'sku': '128123798_NP-1035218378', 'title': 'Waist:30', 'skuId': '1035218378', 'count': 0}, {'sku': '128123798_NP-1035218383', 'title': 'Waist:31', 'skuId': '1035218383', 'count': 0}, {'sku': '128123798_NP-1035218381', 'title': 'Waist:32', 'skuId': '1035218381', 'count': 0}]",128123798,1035218378,True,0,False,query:;nid:128123798;src:LazadaMainSrp;rn:74ac9c3e2c48e5855d333f4619112185;region:np;sku:128123798_NP;price:1274;client:desktop;supplier_id:900159987888;asc_category_id:4434;item_id:128123798;sku_id:1035218378;shop_id:102739,item,1800.00,128123798,search,29,false,1035218378,74ac9c3e2c48e5855d333f4619112185,1274,1,214112f116994318453681542e050b,128123798,,,
LOGO Front Pleat Pant For Women,128030259,"[{'domClass': 'lazMall', 'text': 'LazMall', 'alias': 'LazMallAlias', 'type': 'img', 'group': '1', 'showType': '0', 'order': 0, 'font-size': 0, 'coins': False}, {'domClass': 'NPDashianDhamaka', 'text': '', 'alias': 'NPDashianDhamaka', 'type': 'img', 'group': '1', 'showType': '0', 'order': 0, 'font-size': 0, 'coins': False}, {'domClass': 'freeShipping', 'text': 'FreeShipping', 'alias': 'FsAlias', 'type': 'img', 'group': '2', 'showType': '0', 'order': 0, 'font-size': 0, 'coins': False}]",//www.daraz.com.np/products/logo-front-pleat-pant-for-women-i128030259-s1035079713.html?search=1,https://static-01.daraz.com.np/p/d02413965c7c4c473cf8f87c6ae4cefc.jpg,,,1900.00,null,"Rs. 1,900",,4.7,7,nt_product,Nepal,128030259_NP-1035079713,128030259_NP,[],"['97% cotton, 3% elastane ', 'Regular fit design', 'Light and comfortable ', 'Can wear for formal/casual look', 'Wash as per the instruction on care label']",55775,LOGO,900152982023,,LOGO,[],0,"[1819, 1820, 1738, 4428, 4434]",query:;nid:128030259;src:LazadaMainSrp;rn:74ac9c3e2c48e5855d333f4619112185;region:np;sku:128030259_NP;price:1900.00;client:desktop;supplier_id:900152982023;asc_category_id:4434;item_id:128030259;sku_id:1035079713;shop_id:56447,"[{'sku': '128030259_NP-1035079713', 'title': 'Int:32', 'skuId': '1035079713', 'count': 0}, {'sku': '128030259_NP-1035079715', 'title': 'Int:34', 'skuId': '1035079715', 'count': 0}]",128030259,1035079713,True,0,False,query:;nid:128030259;src:LazadaMainSrp;rn:74ac9c3e2c48e5855d333f4619112185;region:np;sku:128030259_NP;price:1900.00;client:desktop;supplier_id:900152982023;asc_category_id:4434;item_id:128030259;sku_id:1035079713;shop_id:56447,item,1900.00,128030259,search,0,true,1035079713,74ac9c3e2c48e5855d333f4619112185,1900.00,1,214112f116994318453681542e050b,128030259,Free Shipping,,
LOGO Mini Skirt For Women,127968653,"[{'domClass': 'lazMall', 'text': 'LazMall', 'alias': 'LazMallAlias', 'type': 'img', 'group': '1', 'showType': '0', 'order': 0, 'font-size': 0, 'coins': False}, {'domClass': 'NPDashianDhamaka', 'text': '', 'alias': 'NPDashianDhamaka', 'type': 'img', 'group': '1', 'showType': '0', 'order': 0, 'font-size': 0, 'coins': False}, {'domClass': 'freeShipping', 'text': 'FreeShipping', 'alias': 'FsAlias', 'type': 'img', 'group': '2', 'showType': '0', 'order': 0, 'font-size': 0, 'coins': False}]",//www.daraz.com.np/products/logo-mini-skirt-for-women-i127968653-s1035008344.html?search=1,https://static-01.daraz.com.np/p/079814d022060cad36b6adec3abf59c5.jpg,,,1600.00,null,"Rs. 1,600",,5,2,nt_product,Nepal,127968653_NP-1035008344,127968653_NP,[],"['Mini skirt ', 'Short length ', 'For casual look ', 'Very light and comfortable ', 'Wash as per the instruction on care label ']",55775,LOGO,900152982023,,LOGO,[],0,"[1819, 1820, 1738, 1755]",query:;nid:127968653;src:LazadaMainSrp;rn:74ac9c3e2c48e5855d333f4619112185;region:np;sku:127968653_NP;price:1600.00;client:desktop;supplier_id:900152982023;asc_category_id:1755;item_id:127968653;sku_id:1035008344;shop_id:56447,"[{'sku': '127968653_NP-1035008344', 'title': 'Int L', 'skuId': '1035008344', 'count': 0}]",127968653,1035008344,True,0,False,query:;nid:127968653;src:LazadaMainSrp;rn:74ac9c3e2c48e5855d333f4619112185;region:np;sku:127968653_NP;price:1600.00;client:desktop;supplier_id:900152982023;asc_category_id:1755;item_id:127968653;sku_id:1035008344;shop_id:56447,item,1600.00,127968653,search,0,true,1035008344,74ac9c3e2c48e5855d333f4619112185,1600.00,1,214112f116994318453681542e050b,127968653,Free Shipping,,
Grey Knitted Woolen Ankle Socks For Women,122615388,"[{'domClass': 'NPDashianDhamaka', 'text': '', 'alias': 'NPDashianDhamaka', 'type': 'img', 'group': '1', 'showType': '0', 'order': 0, 'font-size': 0, 'coins': False}, {'domClass': 'freeShipping', 'text': 'FreeShipping', 'alias': 'FsAlias', 'type': 'img', 'group': '2', 'showType': '0', 'order': 0, 'font-size': 0, 'coins': False}]",//www.daraz.com.np/products/grey-knitted-woolen-ankle-socks-for-women-i122615388-s1033339231.html?search=1,https://static-01.daraz.com.np/p/67de997b9d5cd2b8168d71524a5b61ce.jpg,850.00,Rs. 850,410.00,null,Rs. 410,-52%,,0,nt_product,Nepal,122615388_NP-1033339231,122615388_NP,[],"['Material : Wool/Fleece', 'Style : Printed', 'Knitted Socks', 'Warm And cozy', 'Inner Fleece', 'Dimension (Length * Width) : 10&quot; * 5&quot;', 'Wash Care : Normal Wash']",39704,No Brand,900153483040,,Sweet Nepal,[],0,"[1819, 1820, 1738, 1756]",query:;nid:122615388;src:LazadaMainSrp;rn:74ac9c3e2c48e5855d333f4619112185;region:np;sku:122615388_NP;price:410.00;client:desktop;supplier_id:900153483040;asc_category_id:1756;item_id:122615388;sku_id:1033339231;shop_id:63272,"[{'sku': '122615388_NP-1033339231', 'title': 'Int: One size', 'skuId': '1033339231', 'count': 0}]",122615388,1033339231,True,0,False,query:;nid:122615388;src:LazadaMainSrp;rn:74ac9c3e2c48e5855d333f4619112185;region:np;sku:122615388_NP;price:410.00;client:desktop;supplier_id:900153483040;asc_category_id:1756;item_id:122615388;sku_id:1033339231;shop_id:63272,item,850.00,122615388,search,52,true,1033339231,74ac9c3e2c48e5855d333f4619112185,410.00,1,214112f116994318453681542e050b,122615388,Free Shipping,,
Fancyra Women Solid Casual Printed Stretchable Track Pant Trouser,127796597,"[{'domClass': 'lazMall', 'text': 'LazMall', 'alias': 'LazMallAlias', 'type': 'img', 'group': '1', 'showType': '0', 'order': 0, 'font-size': 0, 'coins': False}, {'domClass': 'NPDashianDhamaka', 'text': '', 'alias': 'NPDashianDhamaka', 'type': 'img', 'group': '1', 'showType': '0', 'order': 0, 'font-size': 0, 'coins': False}, {'domClass': 'freeShipping', 'text': 'FreeShipping', 'alias': 'FsAlias', 'type': 'img', 'group': '2', 'showType': '0', 'order': 0, 'font-size': 0, 'coins': False}]",//www.daraz.com.np/products/fancyra-women-solid-casual-printed-stretchable-track-pant-trouser-i127796597-s1034759372.html?search=1,https://static-01.daraz.com.np/p/4a1aae30ee9c26054f5985ab5c8ac587.jpg,1590.00,"Rs. 1,590",978,null,Rs. 978,-38%,5,1,nt_product,Nepal,127796597_NP-1034759372,127796597_NP,[],"['Care Instructions: Dry Clean Only', 'Fabric: 95% Polyester, 5% Spandex.', 'Pattern :Printed', 'Designed for best fitment for young, stylish girls, mesmerizing chrome look with a modern twist.', 'Occasion: Casual || Party || Beach || Formal || Meeting || Office wear', 'Team It with a Top, Tunic, Shirt and flats to step out in style This trendy Pant is designed for comfort and style', 'Package Contains : 1* Track Pant Trouser']",124342806,Fancyra,900152352085,,Fancyra,[],0,"[1819, 1820, 1738, 4428, 4434]",query:;nid:127796597;src:LazadaMainSrp;rn:74ac9c3e2c48e5855d333f4619112185;region:np;sku:127796597_NP;price:978;client:desktop;supplier_id:900152352085;asc_category_id:4434;item_id:127796597;sku_id:1034759372;shop_id:44768,"[{'sku': '127796597_NP-1034759372', 'title': 'M', 'skuId': '1034759372', 'count': 0}]",127796597,1034759372,True,0,False,query:;nid:127796597;src:LazadaMainSrp;rn:74ac9c3e2c48e5855d333f4619112185;region:np;sku:127796597_NP;price:978;client:desktop;supplier_id:900152352085;asc_category_id:4434;item_id:127796597;sku_id:1034759372;shop_id:44768,item,1590.00,127796597,search,38,true,1034759372,74ac9c3e2c48e5855d333f4619112185,978,1,214112f116994318453681542e050b,127796597,Free Shipping,,
Nepster Lime Green High Rise Stretchable Fancy Straight Cotton Pants For Women,128125326,"[{'domClass': 'lazMall', 'text': 'LazMall', 'alias': 'LazMallAlias', 'type': 'img', 'group': '1', 'showType': '0', 'order': 0, 'font-size': 0, 'coins': False}, {'domClass': 'NPDashianDhamaka', 'text': '', 'alias': 'NPDashianDhamaka', 'type': 'img', 'group': '1', 'showType': '0', 'order': 0, 'font-size': 0, 'coins': False}]",//www.daraz.com.np/products/nepster-lime-green-high-rise-stretchable-fancy-straight-cotton-pants-for-women-i128125326-s1035215092.html?search=1,https://static-01.daraz.com.np/p/3272c59117656aa675dc99b7313b0cb3.jpg,1800.00,"Rs. 1,800",1274,null,"Rs. 1,274",-29%,5,3,nt_product,Nepal,128125326_NP-1035215092,128125326_NP,[],"['Straight Fit, High-Rise, Clean Look', 'Stretchable and Fancy Design', 'Straight Cotton Pants For Women', 'Has a button and zip closure', 'Available Sizes: 27, 28, 29, 30, 31 and 32.', 'Waistband with belt loops', '98% cotton, 2% elastane', 'Hand/Machine Wash', 'Length: 38/39 inches']",126528810,Nepster,900159987888,,NEPSTER,[],0,"[1819, 1820, 1738, 4428, 4434]",query:;nid:128125326;src:LazadaMainSrp;rn:74ac9c3e2c48e5855d333f4619112185;region:np;sku:128125326_NP;price:1274;client:desktop;supplier_id:900159987888;asc_category_id:4434;item_id:128125326;sku_id:1035215092;shop_id:102739,"[{'sku': '128125326_NP-1035215094', 'title': 'Waist:27', 'skuId': '1035215094', 'count': 0}, {'sku': '128125326_NP-1035215096', 'title': 'Waist:28', 'skuId': '1035215096', 'count': 0}, {'sku': '128125326_NP-1035215097', 'title': 'Waist:29', 'skuId': '1035215097', 'count': 0}, {'sku': '128125326_NP-1035215092', 'title': 'Waist:30', 'skuId': '1035215092', 'count': 0}, {'sku': '128125326_NP-1035215093', 'title': 'Waist:31', 'skuId': '1035215093', 'count': 0}, {'sku': '128125326_NP-1035215095', 'title': 'Waist:32', 'skuId': '1035215095', 'count': 0}]",128125326,1035215092,True,0,False,query:;nid:128125326;src:LazadaMainSrp;rn:74ac9c3e2c48e5855d333f4619112185;region:np;sku:128125326_NP;price:1274;client:desktop;supplier_id:900159987888;asc_category_id:4434;item_id:128125326;sku_id:1035215092;shop_id:102739,item,1800.00,128125326,search,29,false,1035215092,74ac9c3e2c48e5855d333f4619112185,1274,1,214112f116994318453681542e050b,128125326,,,
Comfortable New Long Plain Button Pant For Women - Blue Colored | Multisize | Fashion | Cotton Pants For Women,116434307,"[{'domClass': 'NPDashianDhamaka', 'text': '', 'alias': 'NPDashianDhamaka', 'type': 'img', 'group': '1', 'showType': '0', 'order': 0, 'font-size': 0, 'coins': False}, {'domClass': 'freeShipping', 'text': 'FreeShipping', 'alias': 'FsAlias', 'type': 'img', 'group': '2', 'showType': '0', 'order': 0, 'font-size': 0, 'coins': False}]",//www.daraz.com.np/products/comfortable-new-long-plain-button-pant-for-women-blue-colored-multisize-fashion-cotton-pants-for-women-i116434307-s1031877046.html?search=1,https://static-01.daraz.com.np/p/80724d7848effd753ba05c6c14c357b8.jpg,1900.00,"Rs. 1,900",1264,null,"Rs. 1,264",-33%,3.5,4,nt_product,Nepal,116434307_NP-1031877046,116434307_NP,[],"[' Material : Soft Jeans', ' Colour : Blue', ' Size : M-3XL', ' Comfortable ']",39704,No Brand,900154284800,,Hot Topic,[],0,"[1819, 1820, 1738, 4428, 4434]",query:;nid:116434307;src:LazadaMainSrp;rn:74ac9c3e2c48e5855d333f4619112185;region:np;sku:116434307_NP;price:1264;client:desktop;supplier_id:900154284800;asc_category_id:4434;item_id:116434307;sku_id:1031877046;shop_id:68000,"[{'sku': '116434307_NP-1031877046', 'title': 'L', 'skuId': '1031877046', 'count': 0}, {'sku': '116434307_NP-1031877047', 'title': 'XL', 'skuId': '1031877047', 'count': 0}]",116434307,1031877046,True,0,False,query:;nid:116434307;src:LazadaMainSrp;rn:74ac9c3e2c48e5855d333f4619112185;region:np;sku:116434307_NP;price:1264;client:desktop;supplier_id:900154284800;asc_category_id:4434;item_id:116434307;sku_id:1031877046;shop_id:68000,item,1900.00,116434307,search,33,true,1031877046,74ac9c3e2c48e5855d333f4619112185,1264,1,214112f116994318453681542e050b,116434307,Free Shipping,,
Solid Winter Elasticated Leggings For Women - Fashion | Leggings For Women | Women's Wear | Leggings | Ladies Dresses |,103023309,"[{'domClass': 'freeShipping', 'text': 'FreeShipping', 'alias': 'FsAlias', 'type': 'img', 'group': '2', 'showType': '0', 'order': 0, 'font-size': 0, 'coins': False}]",//www.daraz.com.np/products/solid-winter-elasticated-leggings-for-women-fashion-leggings-for-women-womens-wear-leggings-ladies-dresses-i103023309-s1023793415.html?search=1,https://static-01.daraz.com.np/p/4fe105cad9d215c72eba6a70d1f086a5.jpg,750.00,Rs. 750,500.00,null,Rs. 500,-33%,2.6,5,nt_product,Nepal,103023309_NP-1023793415,103023309_NP,[],[],39704,No Brand,1002986,,Nhujah collection,[],0,"[1819, 1820, 1738, 4428, 4442]",query:;nid:103023309;src:LazadaMainSrp;rn:74ac9c3e2c48e5855d333f4619112185;region:np;sku:103023309_NP;price:500.00;client:desktop;supplier_id:1002986;asc_category_id:4442;item_id:103023309;sku_id:1023793415;shop_id:12914,"[{'sku': '103023309_NP-1023793415', 'title': 'Int: One size', 'skuId': '1023793415', 'count': 0}]",103023309,1023793415,True,0,False,query:;nid:103023309;src:LazadaMainSrp;rn:74ac9c3e2c48e5855d333f4619112185;region:np;sku:103023309_NP;price:500.00;client:desktop;supplier_id:1002986;asc_category_id:4442;item_id:103023309;sku_id:1023793415;shop_id:12914,item,750.00,103023309,search,33,true,1023793415,74ac9c3e2c48e5855d333f4619112185,500.00,1,214112f116994318453681542e050b,103023309,Free Shipping,,
Masala Beads Cute Cotton Socks Spring And Summer Thin Section Retro Ankle Socks For Women's - Fashion |,128278455,"[{'domClass': 'lazMall', 'text': 'LazMall', 'alias': 'LazMallAlias', 'type': 'img', 'group': '1', 'showType': '0', 'order': 0, 'font-size': 0, 'coins': False}, {'domClass': 'NPDashianDhamaka', 'text': '', 'alias': 'NPDashianDhamaka', 'type': 'img', 'group': '1', 'showType': '0', 'order': 0, 'font-size': 0, 'coins': False}, {'domClass': 'freeShipping', 'text': 'FreeShipping', 'alias': 'FsAlias', 'type': 'img', 'group': '2', 'showType': '0', 'order': 0, 'font-size': 0, 'coins': False}]",//www.daraz.com.np/products/masala-beads-cute-cotton-socks-spring-and-summer-thin-section-retro-ankle-socks-for-womens-fashion-i128278455-s1035515564.html?search=1,https://static-01.daraz.com.np/p/97fe8ac59bda27c404da5c01c0ba40ec.jpg,150.00,Rs. 150,135,null,Rs. 135,-10%,,0,nt_product,Bagmati,128278455_NP-1035515564,128278455_NP,[],"['COMFORTABLE ', 'FOR SOCKS ', 'FASHION AND TRENDY', ""FOR WOMEN'S""]",186001,Masala Beads,8278,,Masala Beads,[],0,"[1819, 1820, 1738, 1756]",query:;nid:128278455;src:LazadaMainSrp;rn:74ac9c3e2c48e5855d333f4619112185;region:np;sku:128278455_NP;price:135;client:desktop;supplier_id:8278;asc_category_id:1756;item_id:128278455;sku_id:1035515564;shop_id:8148,"[{'sku': '128278455_NP-1035515564', 'skuId': '1035515564', 'count': 0}]",128278455,1035515564,True,0,False,query:;nid:128278455;src:LazadaMainSrp;rn:74ac9c3e2c48e5855d333f4619112185;region:np;sku:128278455_NP;price:135;client:desktop;supplier_id:8278;asc_category_id:1756;item_id:128278455;sku_id:1035515564;shop_id:8148,item,150.00,128278455,search,10,true,1035515564,74ac9c3e2c48e5855d333f4619112185,135,1,214112f116994318453681542e050b,128278455,Free Shipping,,
Masala Beads Cute Cotton Socks Spring And Summer Thin Section Retro Ankle Socks For Women's - Fashion |,128272662,"[{'domClass': 'lazMall', 'text': 'LazMall', 'alias': 'LazMallAlias', 'type': 'img', 'group': '1', 'showType': '0', 'order': 0, 'font-size': 0, 'coins': False}, {'domClass': 'NPDashianDhamaka', 'text': '', 'alias': 'NPDashianDhamaka', 'type': 'img', 'group': '1', 'showType': '0', 'order': 0, 'font-size': 0, 'coins': False}, {'domClass': 'freeShipping', 'text': 'FreeShipping', 'alias': 'FsAlias', 'type': 'img', 'group': '2', 'showType': '0', 'order': 0, 'font-size': 0, 'coins': False}]",//www.daraz.com.np/products/masala-beads-cute-cotton-socks-spring-and-summer-thin-section-retro-ankle-socks-for-womens-fashion-i128272662-s1035510825.html?search=1,https://static-01.daraz.com.np/p/fa879828b714c8021b4da3bdd3261101.jpg,150.00,Rs. 150,135,null,Rs. 135,-10%,,0,nt_product,Bagmati,128272662_NP-1035510825,128272662_NP,[],"['COMFORTABLE ', 'FOR SOCKS ', 'FASHION AND TRENDY', ""FOR WOMEN'S""]",186001,Masala Beads,8278,,Masala Beads,[],0,"[1819, 1820, 1738, 1756]",query:;nid:128272662;src:LazadaMainSrp;rn:74ac9c3e2c48e5855d333f4619112185;region:np;sku:128272662_NP;price:135;client:desktop;supplier_id:8278;asc_category_id:1756;item_id:128272662;sku_id:1035510825;shop_id:8148,"[{'sku': '128272662_NP-1035510825', 'skuId': '1035510825', 'count': 0}]",128272662,1035510825,True,0,False,query:;nid:128272662;src:LazadaMainSrp;rn:74ac9c3e2c48e5855d333f4619112185;region:np;sku:128272662_NP;price:135;client:desktop;supplier_id:8278;asc_category_id:1756;item_id:128272662;sku_id:1035510825;shop_id:8148,item,150.00,128272662,search,10,true,1035510825,74ac9c3e2c48e5855d333f4619112185,135,1,214112f116994318453681542e050b,128272662,Free Shipping,,
All In One Gallery Maroon Bhutani Trouser For Women,104570128,"[{'domClass': 'NPDashianDhamaka', 'text': '', 'alias': 'NPDashianDhamaka', 'type': 'img', 'group': '1', 'showType': '0', 'order': 0, 'font-size': 0, 'coins': False}]",//www.daraz.com.np/products/all-in-one-gallery-maroon-bhutani-trouser-for-women-i104570128-s1025758856.html?search=1,https://static-01.daraz.com.np/p/8e83a3551601ea4a54e438ffb776f280.png,,,750.00,null,Rs. 750,,5,3,nt_product,Nepal,104570128_NP-1025758856,104570128_NP,[],[],39704,No Brand,1004653,,All In One Gallery,[],0,"[1819, 1820, 1738, 4428, 4451]",query:;nid:104570128;src:LazadaMainSrp;rn:74ac9c3e2c48e5855d333f4619112185;region:np;sku:104570128_NP;price:750.00;client:desktop;supplier_id:1004653;asc_category_id:4451;item_id:104570128;sku_id:1025758856;shop_id:14526,"[{'sku': '104570128_NP-1025758856', 'title': 'Int S', 'skuId': '1025758856', 'count': 0}, {'sku': '104570128_NP-1025758857', 'title': 'Int M', 'skuId': '1025758857', 'count': 0}, {'sku': '104570128_NP-1025758858', 'title': 'Int L', 'skuId': '1025758858', 'count': 0}]",104570128,1025758856,True,0,False,query:;nid:104570128;src:LazadaMainSrp;rn:74ac9c3e2c48e5855d333f4619112185;region:np;sku:104570128_NP;price:750.00;client:desktop;supplier_id:1004653;asc_category_id:4451;item_id:104570128;sku_id:1025758856;shop_id:14526,item,750.00,104570128,search,0,false,1025758856,74ac9c3e2c48e5855d333f4619112185,750.00,1,214112f116994318453681542e050b,104570128,,,
Masala Beads Cute Cotton Socks Spring And Summer Thin Section Retro Ankle Socks For Women's - Fashion |,128275533,"[{'domClass': 'lazMall', 'text': 'LazMall', 'alias': 'LazMallAlias', 'type': 'img', 'group': '1', 'showType': '0', 'order': 0, 'font-size': 0, 'coins': False}, {'domClass': 'NPDashianDhamaka', 'text': '', 'alias': 'NPDashianDhamaka', 'type': 'img', 'group': '1', 'showType': '0', 'order': 0, 'font-size': 0, 'coins': False}, {'domClass': 'freeShipping', 'text': 'FreeShipping', 'alias': 'FsAlias', 'type': 'img', 'group': '2', 'showType': '0', 'order': 0, 'font-size': 0, 'coins': False}]",//www.daraz.com.np/products/masala-beads-cute-cotton-socks-spring-and-summer-thin-section-retro-ankle-socks-for-womens-fashion-i128275533-s1035498889.html?search=1,https://static-01.daraz.com.np/p/9d08bd4c010cd0def86e7e37df804020.jpg,150.00,Rs. 150,135,null,Rs. 135,-10%,,0,nt_product,Bagmati,128275533_NP-1035498889,128275533_NP,[],"['COMFORTABLE ', 'FOR SOCKS ', 'FASHION AND TRENDY', ""FOR WOMEN'S""]",186001,Masala Beads,8278,,Masala Beads,[],0,"[1819, 1820, 1738, 1756]",query:;nid:128275533;src:LazadaMainSrp;rn:74ac9c3e2c48e5855d333f4619112185;region:np;sku:128275533_NP;price:135;client:desktop;supplier_id:8278;asc_category_id:1756;item_id:128275533;sku_id:1035498889;shop_id:8148,"[{'sku': '128275533_NP-1035498889', 'skuId': '1035498889', 'count': 0}]",128275533,1035498889,True,0,False,query:;nid:128275533;src:LazadaMainSrp;rn:74ac9c3e2c48e5855d333f4619112185;region:np;sku:128275533_NP;price:135;client:desktop;supplier_id:8278;asc_category_id:1756;item_id:128275533;sku_id:1035498889;shop_id:8148,item,150.00,128275533,search,10,true,1035498889,74ac9c3e2c48e5855d333f4619112185,135,1,214112f116994318453681542e050b,128275533,Free Shipping,,
Multicolor Pack Of 12(6 Pair) Women Velvet Fur Inside Winter Socks,104982267,"[{'domClass': 'NPDashianDhamaka', 'text': '', 'alias': 'NPDashianDhamaka', 'type': 'img', 'group': '1', 'showType': '0', 'order': 0, 'font-size': 0, 'coins': False}]",//www.daraz.com.np/products/multicolor-pack-of-126-pair-women-velvet-fur-inside-winter-socks-i104982267-s1026538857.html?search=1,https://static-01.daraz.com.np/p/b6ed07fa87b8b05a6f893c839714b068.jpg,1200.00,"Rs. 1,200",799.00,null,Rs. 799,-33%,5,1,nt_product,Nepal,104982267_NP-1026538857,104982267_NP,[],[],39704,No Brand,900151659037,,PlyBuy,[],0,"[1819, 1820, 1738, 1756]",query:;nid:104982267;src:LazadaMainSrp;rn:74ac9c3e2c48e5855d333f4619112185;region:np;sku:104982267_NP;price:799.00;client:desktop;supplier_id:900151659037;asc_category_id:1756;item_id:104982267;sku_id:1026538857;shop_id:30877,"[{'sku': '104982267_NP-1026538857', 'skuId': '1026538857', 'count': 0}]",104982267,1026538857,True,0,False,query:;nid:104982267;src:LazadaMainSrp;rn:74ac9c3e2c48e5855d333f4619112185;region:np;sku:104982267_NP;price:799.00;client:desktop;supplier_id:900151659037;asc_category_id:1756;item_id:104982267;sku_id:1026538857;shop_id:30877,item,1200.00,104982267,search,33,false,1026538857,74ac9c3e2c48e5855d333f4619112185,799.00,1,214112f116994318453681542e050b,104982267,,,
3 pair Hemp Socks Unisex,128243744,"[{'domClass': 'NPDashianDhamaka', 'text': '', 'alias': 'NPDashianDhamaka', 'type': 'img', 'group': '1', 'showType': '0', 'order': 0, 'font-size': 0, 'coins': False}]",//www.daraz.com.np/products/3-pair-hemp-socks-unisex-i128243744-s1035863090.html?search=1,https://static-01.daraz.com.np/p/4b09de97e7db5a25b823bdfa20e2d5c2.jpg,,,750.00,null,Rs. 750,,,0,nt_product,Nepal,128243744_NP-1035863090,128243744_NP,[],"['The hemp plant is amazingly versatile. However, many may not realize the historical significance of hemp and its various uses.', 'For breathable, all-day comfort, whether on the commute to work or hiking in the outdoors, give a pair of hemp socks a try. ', 'Once you’ve tried a pair of hemp socks, there’s a decent chance you’ll end up replacing those cotton socks and synthetic fibers in your sock draw as they wear out, with hemp becoming your preference. ', 'Naturally odor resistant ', 'better for the environment.', 'MADE IN NEPAL']",39704,No Brand,900152370341,,Tekka Store,[],0,"[1819, 1820, 1738, 1756]",query:;nid:128243744;src:LazadaMainSrp;rn:74ac9c3e2c48e5855d333f4619112185;region:np;sku:128243744_NP;price:750.00;client:desktop;supplier_id:900152370341;asc_category_id:1756;item_id:128243744;sku_id:1035863090;shop_id:46106,"[{'sku': '128243744_NP-1035863090', 'skuId': '1035863090', 'count': 0}]",128243744,1035863090,True,0,False,query:;nid:128243744;src:LazadaMainSrp;rn:74ac9c3e2c48e5855d333f4619112185;region:np;sku:128243744_NP;price:750.00;client:desktop;supplier_id:900152370341;asc_category_id:1756;item_id:128243744;sku_id:1035863090;shop_id:46106,item,750.00,128243744,search,0,false,1035863090,74ac9c3e2c48e5855d333f4619112185,750.00,1,214112f116994318453681542e050b,128243744,,,
Women Inner Fur Slimfit Leggings For Winter,110012795,"[{'domClass': 'NPDashianDhamaka', 'text': '', 'alias': 'NPDashianDhamaka', 'type': 'img', 'group': '1', 'showType': '0', 'order': 0, 'font-size': 0, 'coins': False}]",//www.daraz.com.np/products/women-inner-fur-slimfit-leggings-for-winter-i110012795-s1029795098.html?search=1,https://static-01.daraz.com.np/p/7c6ede484358f08f67bd6f21dcc5d2d6.jpg,,,1500.00,null,"Rs. 1,500",,3.3,3,nt_product,Nepal,110012795_NP-1029795098,110012795_NP,[],"['Material : Wollen', 'Pattern : Solid', 'Season : Winter', 'Wear : Casual or Formal', 'Waist : High Waist', 'With Warm Inner Fur']",39704,No Brand,900152550022,,Taglog,[],0,"[1819, 1820, 1738, 4428, 4442]",query:;nid:110012795;src:LazadaMainSrp;rn:74ac9c3e2c48e5855d333f4619112185;region:np;sku:110012795_NP;price:1500.00;client:desktop;supplier_id:900152550022;asc_category_id:4442;item_id:110012795;sku_id:1029795098;shop_id:48894,"[{'sku': '110012795_NP-1029795098', 'title': 'Int M', 'skuId': '1029795098', 'count': 0}, {'sku': '110012795_NP-1029795099', 'title': 'Int L', 'skuId': '1029795099', 'count': 0}, {'sku': '110012795_NP-1029795101', 'title': 'Int XXL', 'skuId': '1029795101', 'count': 0}, {'sku': '110012795_NP-1029795102', 'title': 'Int XXXL', 'skuId': '1029795102', 'count': 0}]",110012795,1029795098,True,0,False,query:;nid:110012795;src:LazadaMainSrp;rn:74ac9c3e2c48e5855d333f4619112185;region:np;sku:110012795_NP;price:1500.00;client:desktop;supplier_id:900152550022;asc_category_id:4442;item_id:110012795;sku_id:1029795098;shop_id:48894,item,1500.00,110012795,search,0,false,1029795098,74ac9c3e2c48e5855d333f4619112185,1500.00,1,214112f116994318453681542e050b,110012795,,,
Long Wrap Buttoned Skirt For Girls And Women | Stylish Skirt Party Wear,128204713,"[{'domClass': 'NPDashianDhamaka', 'text': '', 'alias': 'NPDashianDhamaka', 'type': 'img', 'group': '1', 'showType': '0', 'order': 0, 'font-size': 0, 'coins': False}]",//www.daraz.com.np/products/long-wrap-buttoned-skirt-for-girls-and-women-stylish-skirt-party-wear-i128204713-s1035339154.html?search=1,https://static-01.daraz.com.np/p/5041ac1410499e3059797bca4735f800.jpg,1999.00,"Rs. 1,999",1750.00,null,"Rs. 1,750",-12%,5,1,nt_product,Nepal,128204713_NP-1035339154,128204713_NP,[],"['No Brand ', 'Free Size ', 'Black Color only ', 'High Quality Cotton Material ', 'Long Wrap Skirt ', 'Fashionable and Stylish ', 'Soft Fabric and Comfortable to wear ']",39704,No Brand,900157035733,,NK Outlets,[],0,"[1819, 1820, 1738, 1755]",query:;nid:128204713;src:LazadaMainSrp;rn:74ac9c3e2c48e5855d333f4619112185;region:np;sku:128204713_NP;price:1750.00;client:desktop;supplier_id:900157035733;asc_category_id:1755;item_id:128204713;sku_id:1035339154;shop_id:88457,"[{'sku': '128204713_NP-1035339154', 'title': 'free size', 'skuId': '1035339154', 'count': 0}]",128204713,1035339154,True,0,False,query:;nid:128204713;src:LazadaMainSrp;rn:74ac9c3e2c48e5855d333f4619112185;region:np;sku:128204713_NP;price:1750.00;client:desktop;supplier_id:900157035733;asc_category_id:1755;item_id:128204713;sku_id:1035339154;shop_id:88457,item,1999.00,128204713,search,12,false,1035339154,74ac9c3e2c48e5855d333f4619112185,1750.00,1,214112f116994318453681542e050b,128204713,,,
Grey Cotton Stretchable Formal Pant For Women,120391569,[],//www.daraz.com.np/products/grey-cotton-stretchable-formal-pant-for-women-i120391569-s1032862691.html?search=1,https://static-01.daraz.com.np/p/43a3614cf3d34188120d8c7f82f32cd8.jpg,,,1199.00,null,"Rs. 1,199",,,0,nt_product,Nepal,120391569_NP-1032862691,120391569_NP,[],[],39704,No Brand,900154659745,,Krish Readymade House,[],0,"[1819, 1820, 1738, 4428, 4434]",query:;nid:120391569;src:LazadaMainSrp;rn:74ac9c3e2c48e5855d333f4619112185;region:np;sku:120391569_NP;price:1199.00;client:desktop;supplier_id:900154659745;asc_category_id:4434;item_id:120391569;sku_id:1032862691;shop_id:70523,"[{'sku': '120391569_NP-1032862691', 'skuId': '1032862691', 'count': 0}]",120391569,1032862691,True,0,False,query:;nid:120391569;src:LazadaMainSrp;rn:74ac9c3e2c48e5855d333f4619112185;region:np;sku:120391569_NP;price:1199.00;client:desktop;supplier_id:900154659745;asc_category_id:4434;item_id:120391569;sku_id:1032862691;shop_id:70523,item,1199.00,120391569,search,0,false,1032862691,74ac9c3e2c48e5855d333f4619112185,1199.00,1,214112f116994318453681542e050b,120391569,,,
Nepster Black High Rise Premium Straight Cotton Cargo Box Pants For Women,128127037,"[{'domClass': 'lazMall', 'text': 'LazMall', 'alias': 'LazMallAlias', 'type': 'img', 'group': '1', 'showType': '0', 'order': 0, 'font-size': 0, 'coins': False}, {'domClass': 'NPDashianDhamaka', 'text': '', 'alias': 'NPDashianDhamaka', 'type': 'img', 'group': '1', 'showType': '0', 'order': 0, 'font-size': 0, 'coins': False}]",//www.daraz.com.np/products/nepster-black-high-rise-premium-straight-cotton-cargo-box-pants-for-women-i128127037-s1035196956.html?search=1,https://static-01.daraz.com.np/p/6b6b6200ef6e203a598ae2b92c8260e0.jpg,1800.00,"Rs. 1,800",1372,null,"Rs. 1,372",-24%,4,1,nt_product,Nepal,128127037_NP-1035196956,128127037_NP,[],"['Cargo Box Cotton Pant For Women', 'Has a Zip and Button Closure', 'Has Six Pockets (4 Box Pockets)', 'Available Sizes: 27, 28, 29, 30, 31 and 32.', 'Waistband with belt loops', '98% cotton, 2% elastane', 'Hand/Machine Wash', 'Length: 38/39 inches']",126528810,Nepster,900159987888,,NEPSTER,[],0,"[1819, 1820, 1738, 4428, 4434]",query:;nid:128127037;src:LazadaMainSrp;rn:74ac9c3e2c48e5855d333f4619112185;region:np;sku:128127037_NP;price:1372;client:desktop;supplier_id:900159987888;asc_category_id:4434;item_id:128127037;sku_id:1035196956;shop_id:102739,"[{'sku': '128127037_NP-1035196957', 'title': 'Waist:27', 'skuId': '1035196957', 'count': 0}, {'sku': '128127037_NP-1035196961', 'title': 'Waist:28', 'skuId': '1035196961', 'count': 0}, {'sku': '128127037_NP-1035196960', 'title': 'Waist:29', 'skuId': '1035196960', 'count': 0}, {'sku': '128127037_NP-1035196959', 'title': 'Waist:30', 'skuId': '1035196959', 'count': 0}, {'sku': '128127037_NP-1035196958', 'title': 'Waist:31', 'skuId': '1035196958', 'count': 0}, {'sku': '128127037_NP-1035196956', 'title': 'Waist:32', 'skuId': '1035196956', 'count': 0}]",128127037,1035196956,True,0,False,query:;nid:128127037;src:LazadaMainSrp;rn:74ac9c3e2c48e5855d333f4619112185;region:np;sku:128127037_NP;price:1372;client:desktop;supplier_id:900159987888;asc_category_id:4434;item_id:128127037;sku_id:1035196956;shop_id:102739,item,1800.00,128127037,search,24,false,1035196956,74ac9c3e2c48e5855d333f4619112185,1372,1,214112f116994318453681542e050b,128127037,,,
Masala Beads Cute Cotton Socks Spring And Summer Thin Section Retro Ankle Socks For Women's - Fashion |,128284959,"[{'domClass': 'lazMall', 'text': 'LazMall', 'alias': 'LazMallAlias', 'type': 'img', 'group': '1', 'showType': '0', 'order': 0, 'font-size': 0, 'coins': False}, {'domClass': 'NPDashianDhamaka', 'text': '', 'alias': 'NPDashianDhamaka', 'type': 'img', 'group': '1', 'showType': '0', 'order': 0, 'font-size': 0, 'coins': False}, {'domClass': 'freeShipping', 'text': 'FreeShipping', 'alias': 'FsAlias', 'type': 'img', 'group': '2', 'showType': '0', 'order': 0, 'font-size': 0, 'coins': False}]",//www.daraz.com.np/products/masala-beads-cute-cotton-socks-spring-and-summer-thin-section-retro-ankle-socks-for-womens-fashion-i128284959-s1035541205.html?search=1,https://static-01.daraz.com.np/p/9eba84f07cb7ea3fffd2238ab0c015db.jpg,150.00,Rs. 150,135,null,Rs. 135,-10%,,0,nt_product,Bagmati,128284959_NP-1035541205,128284959_NP,[],"['COMFORTABLE ', 'FOR SOCKS ', 'FASHION AND TRENDY', ""FOR WOMEN'S""]",186001,Masala Beads,8278,,Masala Beads,[],0,"[1819, 1820, 1738, 1756]",query:;nid:128284959;src:LazadaMainSrp;rn:74ac9c3e2c48e5855d333f4619112185;region:np;sku:128284959_NP;price:135;client:desktop;supplier_id:8278;asc_category_id:1756;item_id:128284959;sku_id:1035541205;shop_id:8148,"[{'sku': '128284959_NP-1035541205', 'skuId': '1035541205', 'count': 0}]",128284959,1035541205,True,0,False,query:;nid:128284959;src:LazadaMainSrp;rn:74ac9c3e2c48e5855d333f4619112185;region:np;sku:128284959_NP;price:135;client:desktop;supplier_id:8278;asc_category_id:1756;item_id:128284959;sku_id:1035541205;shop_id:8148,item,150.00,128284959,search,10,true,1035541205,74ac9c3e2c48e5855d333f4619112185,135,1,214112f116994318453681542e050b,128284959,Free Shipping,,
FuLoo's  Denim Dungaree for Women,104256215,"[{'domClass': 'lazMall', 'text': 'LazMall', 'alias': 'LazMallAlias', 'type': 'img', 'group': '1', 'showType': '0', 'order': 0, 'font-size': 0, 'coins': False}, {'domClass': 'NPDashianDhamaka', 'text': '', 'alias': 'NPDashianDhamaka', 'type': 'img', 'group': '1', 'showType': '0', 'order': 0, 'font-size': 0, 'coins': False}, {'domClass': 'freeShipping', 'text': 'FreeShipping', 'alias': 'FsAlias', 'type': 'img', 'group': '2', 'showType': '0', 'order': 0, 'font-size': 0, 'coins': False}]",//www.daraz.com.np/products/fuloos-denim-dungaree-for-women-i104256215-s1025178346.html?search=1,https://static-01.daraz.com.np/p/55f2f65b71b6019dbd80ecb4053b6fac.jpg,,,2700.00,null,"Rs. 2,700",,5,1,nt_product,Nepal,104256215_NP-1025178346,104256215_NP,[],[],123259024,FuLoo,1008308,,Fuloo Store,[],0,"[1819, 1820, 1738, 1755]",query:;nid:104256215;src:LazadaMainSrp;rn:74ac9c3e2c48e5855d333f4619112185;region:np;sku:104256215_NP;price:2700.00;client:desktop;supplier_id:1008308;asc_category_id:1755;item_id:104256215;sku_id:1025178346;shop_id:18185,"[{'sku': '104256215_NP-1025178347', 'title': 'M', 'skuId': '1025178347', 'count': 0}, {'sku': '104256215_NP-1025178346', 'title': 'S', 'skuId': '1025178346', 'count': 0}, {'sku': '104256215_NP-1025178349', 'title': 'XL', 'skuId': '1025178349', 'count': 0}]",104256215,1025178346,True,0,False,query:;nid:104256215;src:LazadaMainSrp;rn:74ac9c3e2c48e5855d333f4619112185;region:np;sku:104256215_NP;price:2700.00;client:desktop;supplier_id:1008308;asc_category_id:1755;item_id:104256215;sku_id:1025178346;shop_id:18185,item,2700.00,104256215,search,0,true,1025178346,74ac9c3e2c48e5855d333f4619112185,2700.00,1,214112f116994318453681542e050b,104256215,Free Shipping,,
Women Chic Winter Joggers Pyjama - Fleece - Fashion | Joggers For Women | Women's Winter Wear | Pyjama |,123367100,"[{'domClass': 'NPDashianDhamaka', 'text': '', 'alias': 'NPDashianDhamaka', 'type': 'img', 'group': '1', 'showType': '0', 'order': 0, 'font-size': 0, 'coins': False}, {'domClass': 'freeShipping', 'text': 'FreeShipping', 'alias': 'FsAlias', 'type': 'img', 'group': '2', 'showType': '0', 'order': 0, 'font-size': 0, 'coins': False}]",//www.daraz.com.np/products/women-chic-winter-joggers-pyjama-fleece-fashion-joggers-for-women-womens-winter-wear-pyjama-i123367100-s1033525157.html?search=1,https://static-01.daraz.com.np/p/c7a3518a4b22c91c7a364df7314fabe2.jpg,825.00,Rs. 825,428.00,null,Rs. 428,-48%,4,1,nt_product,Nepal,123367100_NP-1033525157,123367100_NP,[],"['Loose-fit designed for a trendy look', 'Sweat Pants perfect to be worn for the winter', 'Stylish & Chic look', 'Super soft and cozy', 'Closed Ankle', 'Can be worn as casualwear or loungewear for home stay', 'Made of soft polyester fabric', 'Available in trendy colors', 'Free size. Perfect for waist size 30-36']",39704,No Brand,900154488331,,Comfy,[],0,"[1819, 1820, 1738, 4428, 4451]",query:;nid:123367100;src:LazadaMainSrp;rn:74ac9c3e2c48e5855d333f4619112185;region:np;sku:123367100_NP;price:428.00;client:desktop;supplier_id:900154488331;asc_category_id:4451;item_id:123367100;sku_id:1033525157;shop_id:69160,"[{'sku': '123367100_NP-1033525157', 'title': 'Int: One size', 'skuId': '1033525157', 'count': 0}]",123367100,1033525157,True,0,False,query:;nid:123367100;src:LazadaMainSrp;rn:74ac9c3e2c48e5855d333f4619112185;region:np;sku:123367100_NP;price:428.00;client:desktop;supplier_id:900154488331;asc_category_id:4451;item_id:123367100;sku_id:1033525157;shop_id:69160,item,825.00,123367100,search,48,true,1033525157,74ac9c3e2c48e5855d333f4619112185,428.00,1,214112f116994318453681542e050b,123367100,Free Shipping,,
Women Ballroom Highwaist Summer Belly Pant - Maroon,101016435,"[{'domClass': 'NPDashianDhamaka', 'text': '', 'alias': 'NPDashianDhamaka', 'type': 'img', 'group': '1', 'showType': '0', 'order': 0, 'font-size': 0, 'coins': False}, {'domClass': 'freeShipping', 'text': 'FreeShipping', 'alias': 'FsAlias', 'type': 'img', 'group': '2', 'showType': '0', 'order': 0, 'font-size': 0, 'coins': False}]",//www.daraz.com.np/products/women-ballroom-highwaist-summer-belly-pant-maroon-i101016435-s1021556302.html?search=1,https://static-01.daraz.com.np/p/aaddea55d55c9b4be110c5a6972eb2d1.jpg,2400.00,"Rs. 2,400",1249,null,"Rs. 1,249",-48%,4.7,6,nt_product,Nepal,101016435_NP-1021556302,101016435_NP,[],"['Material : Spandex,Cotton', 'Pant style : Belly Pant', 'Fitting type : Skinny', 'Waist Type :High']",39704,No Brand,9000,,ERYAA,[],0,"[1819, 1820, 1738, 4428, 4434]",query:;nid:101016435;src:LazadaMainSrp;rn:74ac9c3e2c48e5855d333f4619112185;region:np;sku:101016435_NP;price:1249;client:desktop;supplier_id:9000;asc_category_id:4434;item_id:101016435;sku_id:1021556302;shop_id:9066,"[{'sku': '101016435_NP-1021556302', 'title': 'Int:4XL', 'skuId': '1021556302', 'count': 0}, {'sku': '101016435_NP-1021556304', 'title': 'Int:7XL', 'skuId': '1021556304', 'count': 0}]",101016435,1021556302,True,0,False,query:;nid:101016435;src:LazadaMainSrp;rn:74ac9c3e2c48e5855d333f4619112185;region:np;sku:101016435_NP;price:1249;client:desktop;supplier_id:9000;asc_category_id:4434;item_id:101016435;sku_id:1021556302;shop_id:9066,item,2400.00,101016435,search,48,true,1021556302,74ac9c3e2c48e5855d333f4619112185,1249,1,214112f116994318453681542e050b,101016435,Free Shipping,,
Masala Beads Cute Cotton Smily Printed Socks Spring And Summer Thin Section Retro Socks For Women's - Fashion |,128273444,"[{'domClass': 'lazMall', 'text': 'LazMall', 'alias': 'LazMallAlias', 'type': 'img', 'group': '1', 'showType': '0', 'order': 0, 'font-size': 0, 'coins': False}, {'domClass': 'NPDashianDhamaka', 'text': '', 'alias': 'NPDashianDhamaka', 'type': 'img', 'group': '1', 'showType': '0', 'order': 0, 'font-size': 0, 'coins': False}, {'domClass': 'freeShipping', 'text': 'FreeShipping', 'alias': 'FsAlias', 'type': 'img', 'group': '2', 'showType': '0', 'order': 0, 'font-size': 0, 'coins': False}]",//www.daraz.com.np/products/masala-beads-cute-cotton-smily-printed-socks-spring-and-summer-thin-section-retro-socks-for-womens-fashion-i128273444-s1035514609.html?search=1,https://static-01.daraz.com.np/p/be34cba9fb50499a391ac6463790a139.jpg,200.00,Rs. 200,180,null,Rs. 180,-10%,,0,nt_product,Bagmati,128273444_NP-1035514609,128273444_NP,[],"['COMFORTABLE ', 'FOR SOCKS ', 'FASHION AND TRENDY', ""FOR WOMEN'S""]",186001,Masala Beads,8278,,Masala Beads,[],0,"[1819, 1820, 1738, 1756]",query:;nid:128273444;src:LazadaMainSrp;rn:74ac9c3e2c48e5855d333f4619112185;region:np;sku:128273444_NP;price:180;client:desktop;supplier_id:8278;asc_category_id:1756;item_id:128273444;sku_id:1035514609;shop_id:8148,"[{'sku': '128273444_NP-1035514609', 'skuId': '1035514609', 'count': 0}]",128273444,1035514609,True,0,False,query:;nid:128273444;src:LazadaMainSrp;rn:74ac9c3e2c48e5855d333f4619112185;region:np;sku:128273444_NP;price:180;client:desktop;supplier_id:8278;asc_category_id:1756;item_id:128273444;sku_id:1035514609;shop_id:8148,item,200.00,128273444,search,10,true,1035514609,74ac9c3e2c48e5855d333f4619112185,180,1,214112f116994318453681542e050b,128273444,Free Shipping,,
Leggings For Women/ Grey Color Super Stretchable Leggings for Women,110493429,"[{'domClass': 'lazMall', 'text': 'LazMall', 'alias': 'LazMallAlias', 'type': 'img', 'group': '1', 'showType': '0', 'order': 0, 'font-size': 0, 'coins': False}, {'domClass': 'NPDashianDhamaka', 'text': '', 'alias': 'NPDashianDhamaka', 'type': 'img', 'group': '1', 'showType': '0', 'order': 0, 'font-size': 0, 'coins': False}, {'domClass': 'freeShipping', 'text': 'FreeShipping', 'alias': 'FsAlias', 'type': 'img', 'group': '2', 'showType': '0', 'order': 0, 'font-size': 0, 'coins': False}]",//www.daraz.com.np/products/leggings-for-women-grey-color-super-stretchable-leggings-for-women-i110493429-s1029950872.html?search=1,https://static-01.daraz.com.np/p/3feff85724fb47fae537e7d7a62dd512.jpg,600.00,Rs. 600,389.00,null,Rs. 389,-35%,3.9,51,nt_product,Nepal,110493429_NP-1029950872,110493429_NP,[],"['95% Cotton, 5% Spandex', 'Exported Quality', 'Color Grey ', 'Machine and hand Wash', 'The regular waisted leggings for women and fits your body perfectly', 'ULTRA-STRETCH: ultra-stretch fit that slims and conforms with each pose, movement, and contour. Featuring the super stretchy material, our leggings are very comfy.', 'PERFECT FOR ANY SEASON, ACTIVITY - The leggings are perfect for any season and any activity. light Yoga, Workout, Fitness, Pilates, or Cross Fit, these slimming pants can be worn lounging around the house, shopping, or living an active lifestyle. Pair with anything from dresses to sweaters to create a look that shows off your sense of fashion.']",155927,Livingtex,900152010021,,Livingtex,[],0,"[1819, 1820, 1738, 4428, 4442]",query:;nid:110493429;src:LazadaMainSrp;rn:74ac9c3e2c48e5855d333f4619112185;region:np;sku:110493429_NP;price:389.00;client:desktop;supplier_id:900152010021;asc_category_id:4442;item_id:110493429;sku_id:1029950872;shop_id:37199,"[{'sku': '110493429_NP-1029950872', 'title': 'Int XL', 'skuId': '1029950872', 'count': 0}, {'sku': '110493429_NP-1029950873', 'title': 'Int XXL', 'skuId': '1029950873', 'count': 0}]",110493429,1029950872,True,0,False,query:;nid:110493429;src:LazadaMainSrp;rn:74ac9c3e2c48e5855d333f4619112185;region:np;sku:110493429_NP;price:389.00;client:desktop;supplier_id:900152010021;asc_category_id:4442;item_id:110493429;sku_id:1029950872;shop_id:37199,item,600.00,110493429,search,35,true,1029950872,74ac9c3e2c48e5855d333f4619112185,389.00,1,214112f116994318453681542e050b,110493429,Free Shipping,,
Blue Elephant Trouser For Women,105332766,"[{'domClass': 'NPDashianDhamaka', 'text': '', 'alias': 'NPDashianDhamaka', 'type': 'img', 'group': '1', 'showType': '0', 'order': 0, 'font-size': 0, 'coins': False}, {'domClass': 'freeShipping', 'text': 'FreeShipping', 'alias': 'FsAlias', 'type': 'img', 'group': '2', 'showType': '0', 'order': 0, 'font-size': 0, 'coins': False}]",//www.daraz.com.np/products/blue-elephant-trouser-for-women-i105332766-s1027175218.html?search=1,https://static-01.daraz.com.np/p/a234b57f94aeadc9c764690b3742119b.jpg,,,550.00,null,Rs. 550,,5,1,nt_product,Nepal,105332766_NP-1027175218,105332766_NP,[],[],39704,No Brand,900152313027,,DKB Expoter,[],0,"[1819, 1820, 1738, 4428, 4434]",query:;nid:105332766;src:LazadaMainSrp;rn:74ac9c3e2c48e5855d333f4619112185;region:np;sku:105332766_NP;price:550.00;client:desktop;supplier_id:900152313027;asc_category_id:4434;item_id:105332766;sku_id:1027175218;shop_id:42935,"[{'sku': '105332766_NP-1027175219', 'title': 'Int:L/XL', 'skuId': '1027175219', 'count': 0}, {'sku': '105332766_NP-1027175218', 'title': 'Int:S/M', 'skuId': '1027175218', 'count': 0}, {'sku': '105332766_NP-1027175220', 'title': 'XL/XXL', 'skuId': '1027175220', 'count': 0}]",105332766,1027175218,True,0,False,query:;nid:105332766;src:LazadaMainSrp;rn:74ac9c3e2c48e5855d333f4619112185;region:np;sku:105332766_NP;price:550.00;client:desktop;supplier_id:900152313027;asc_category_id:4434;item_id:105332766;sku_id:1027175218;shop_id:42935,item,550.00,105332766,search,0,true,1027175218,74ac9c3e2c48e5855d333f4619112185,550.00,1,214112f116994318453681542e050b,105332766,Free Shipping,,
Winter Warm Fleece Women Jogger By Rc,111714263,"[{'domClass': 'NPDashianDhamaka', 'text': '', 'alias': 'NPDashianDhamaka', 'type': 'img', 'group': '1', 'showType': '0', 'order': 0, 'font-size': 0, 'coins': False}, {'domClass': 'freeShipping', 'text': 'FreeShipping', 'alias': 'FsAlias', 'type': 'img', 'group': '2', 'showType': '0', 'order': 0, 'font-size': 0, 'coins': False}]",//www.daraz.com.np/products/winter-warm-fleece-women-jogger-by-rc-i111714263-s1030232684.html?search=1,https://static-01.daraz.com.np/p/c91f9c5a1adbeebb638f44f185c7736b.jpg,,,1225.00,null,"Rs. 1,225",,5,3,nt_product,Nepal,111714263_NP-1030232684,111714263_NP,[],[],39704,No Brand,1007601,,Aarusi center,[],0,"[1819, 1820, 1738, 4428, 4451]",query:;nid:111714263;src:LazadaMainSrp;rn:74ac9c3e2c48e5855d333f4619112185;region:np;sku:111714263_NP;price:1225.00;client:desktop;supplier_id:1007601;asc_category_id:4451;item_id:111714263;sku_id:1030232684;shop_id:17492,"[{'sku': '111714263_NP-1030232684', 'title': 'free size', 'skuId': '1030232684', 'count': 0}]",111714263,1030232684,True,0,False,query:;nid:111714263;src:LazadaMainSrp;rn:74ac9c3e2c48e5855d333f4619112185;region:np;sku:111714263_NP;price:1225.00;client:desktop;supplier_id:1007601;asc_category_id:4451;item_id:111714263;sku_id:1030232684;shop_id:17492,item,1225.00,111714263,search,0,true,1030232684,74ac9c3e2c48e5855d333f4619112185,1225.00,1,214112f116994318453681542e050b,111714263,Free Shipping,,
Forever Clothing Summer Plazo Straight Stripe Wide Leg Pant For Women,128013077,"[{'domClass': 'NPDashianDhamaka', 'text': '', 'alias': 'NPDashianDhamaka', 'type': 'img', 'group': '1', 'showType': '0', 'order': 0, 'font-size': 0, 'coins': False}]",//www.daraz.com.np/products/forever-clothing-summer-plazo-straight-stripe-wide-leg-pant-for-women-i128013077-s1035050639.html?search=1,https://static-01.daraz.com.np/p/6c77eb0613e4e6e3ce5c2aee87907f73.jpg,2250.00,"Rs. 2,250",1399.00,null,"Rs. 1,399",-38%,,0,nt_product,Nepal,128013077_NP-1035050639,128013077_NP,[],"['Material: Cotton', 'Style: Solid', 'Size : Small, Medium, Large, XL available', 'Exactly Like In The Picture', 'Best Quality', 'Not See Through ', 'Durable and comfortable', 'Wash Care: Hand/ Machine Wash']",39704,No Brand,900153069113,,Forever Clothing,[],0,"[1819, 1820, 1738, 4428, 4434]",query:;nid:128013077;src:LazadaMainSrp;rn:74ac9c3e2c48e5855d333f4619112185;region:np;sku:128013077_NP;price:1399.00;client:desktop;supplier_id:900153069113;asc_category_id:4434;item_id:128013077;sku_id:1035050639;shop_id:57376,"[{'sku': '128013077_NP-1035050642', 'title': 'L', 'skuId': '1035050642', 'count': 0}, {'sku': '128013077_NP-1035050641', 'title': 'M', 'skuId': '1035050641', 'count': 0}, {'sku': '128013077_NP-1035050640', 'title': 'S', 'skuId': '1035050640', 'count': 0}, {'sku': '128013077_NP-1035050639', 'title': 'XL', 'skuId': '1035050639', 'count': 0}]",128013077,1035050639,True,0,False,query:;nid:128013077;src:LazadaMainSrp;rn:74ac9c3e2c48e5855d333f4619112185;region:np;sku:128013077_NP;price:1399.00;client:desktop;supplier_id:900153069113;asc_category_id:4434;item_id:128013077;sku_id:1035050639;shop_id:57376,item,2250.00,128013077,search,38,false,1035050639,74ac9c3e2c48e5855d333f4619112185,1399.00,1,214112f116994318453681542e050b,128013077,,,
